{
    "rmse": 0.7578841265213428,
    "mae": 0.624171667681201,
    "r2": 0.03861773518370182
}